,predictions,file_names
0,Happy,Angry-01-1591.wav
1,Happy,Happy-04-509.wav
2,Happy,Fearful-03-1107.wav
3,Happy,Happy-04-891.wav
4,Angry,Angry-01-1476.wav
5,Sad,Sad-06-1108.wav
6,Angry,Happy-04-2005.wav
7,Angry,Angry-01-2010.wav
8,Happy,Happy-04-385.wav
9,Sad,Sad-06-1552.wav
10,Sad,Sad-06-858.wav
11,Angry,Angry-01-1903.wav
12,Angry,Angry-01-1770.wav
13,Happy,Happy-04-790.wav
14,Happy,Happy-04-366.wav
15,Sad,Sad-06-20.wav
16,Angry,Angry-01-1867.wav
17,Sad,Sad-06-2078.wav
18,Happy,Happy-04-758.wav
19,Angry,Happy-04-1363.wav
20,Sad,Sad-06-946.wav
21,Sad,Sad-06-652.wav
22,Fearful,Happy-04-1302.wav
23,Sad,Sad-06-894.wav
24,Sad,Happy-04-1281.wav
25,Sad,Happy-04-473.wav
26,Happy,Happy-04-1113.wav
27,Happy,Happy-04-1965.wav
28,Happy,Happy-04-1286.wav
29,Sad,Happy-04-1643.wav
30,Sad,Fearful-03-1531.wav
31,Happy,Happy-04-133.wav
32,Angry,Angry-01-1786.wav
33,Sad,Sad-06-1.wav
34,Happy,Angry-01-1218.wav
35,Sad,Sad-06-1729.wav
36,Sad,Sad-06-749.wav
37,Sad,Sad-06-1837.wav
38,Fearful,Fearful-03-1892.wav
39,Happy,Happy-04-1984.wav
40,Sad,Sad-06-143.wav
41,Angry,Angry-01-1945.wav
42,Happy,Happy-04-1789.wav
43,Happy,Happy-04-1923.wav
44,Angry,Fearful-03-1332.wav
45,Happy,Happy-04-1122.wav
46,Sad,Happy-04-524.wav
47,Angry,Angry-01-1849.wav
48,Angry,Angry-01-146.wav
49,Happy,Sad-06-372.wav
50,Sad,Sad-06-8.wav
51,Happy,Happy-04-643.wav
52,Happy,Angry-01-1262.wav
53,Sad,Sad-06-547.wav
54,Happy,Angry-01-1354.wav
55,Happy,Happy-04-1265.wav
56,Angry,Angry-01-1803.wav
57,Sad,Happy-04-715.wav
58,Fearful,Fearful-03-1888.wav
59,Happy,Happy-04-132.wav
60,Happy,Angry-01-1393.wav
61,Happy,Happy-04-1229.wav
62,Angry,Angry-01-1155.wav
63,Happy,Angry-01-1329.wav
64,Sad,Angry-01-195.wav
65,Angry,Fearful-03-1572.wav
66,Happy,Happy-04-660.wav
67,Sad,Fearful-03-1583.wav
68,Sad,Angry-01-1005.wav
69,Sad,Happy-04-531.wav
70,Happy,Happy-04-1792.wav
71,Fearful,Fearful-03-1793.wav
72,Sad,Happy-04-464.wav
73,Happy,Sad-06-1716.wav
74,Angry,Angry-01-1871.wav
75,Sad,Sad-06-525.wav
76,Angry,Angry-01-1733.wav
77,Sad,Sad-06-1816.wav
78,Happy,Happy-04-876.wav
79,Angry,Angry-01-145.wav
80,Sad,Happy-04-630.wav
81,Sad,Sad-06-1014.wav
82,Sad,Sad-06-1424.wav
83,Sad,Sad-06-711.wav
84,Angry,Fearful-03-1507.wav
85,Sad,Sad-06-358.wav
86,Happy,Sad-06-1979.wav
87,Sad,Sad-06-455.wav
88,Happy,Happy-04-1394.wav
89,Sad,Sad-06-1455.wav
90,Sad,Sad-06-87.wav
91,Sad,Happy-04-236.wav
92,Sad,Fearful-03-1360.wav
93,Fearful,Fearful-03-184.wav
94,Sad,Sad-06-1707.wav
95,Happy,Happy-04-2092.wav
96,Angry,Angry-01-1167.wav
97,Happy,Sad-06-494.wav
98,Sad,Sad-06-2118.wav
99,Sad,Sad-06-588.wav
100,Angry,Angry-01-1824.wav
101,Sad,Sad-06-101.wav
102,Happy,Happy-04-1572.wav
103,Happy,Angry-01-1122.wav
104,Sad,Sad-06-2129.wav
105,Sad,Sad-06-862.wav
106,Sad,Sad-06-1928.wav
107,Angry,Happy-04-1339.wav
108,Happy,Fearful-03-182.wav
109,Happy,Happy-04-1317.wav
110,Happy,Happy-04-1935.wav
111,Sad,Sad-06-1793.wav
112,Angry,Angry-01-1847.wav
113,Sad,Sad-06-1621.wav
114,Sad,Sad-06-94.wav
115,Sad,Sad-06-793.wav
116,Sad,Sad-06-806.wav
117,Happy,Happy-04-1978.wav
118,Sad,Sad-06-2046.wav
119,Sad,Fearful-03-1295.wav
120,Happy,Sad-06-1069.wav
121,Happy,Happy-04-2065.wav
122,Sad,Sad-06-1300.wav
123,Sad,Sad-06-602.wav
124,Angry,Angry-01-1870.wav
125,Angry,Angry-01-1695.wav
126,Sad,Sad-06-1880.wav
127,Sad,Sad-06-1774.wav
128,Angry,Angry-01-1702.wav
129,Happy,Happy-04-131.wav
130,Happy,Happy-04-958.wav
131,Sad,Happy-04-1187.wav
132,Sad,Sad-06-1920.wav
133,Sad,Fearful-03-1359.wav
134,Sad,Sad-06-625.wav
135,Happy,Happy-04-1248.wav
136,Happy,Happy-04-896.wav
137,Fearful,Fearful-03-1756.wav
138,Happy,Angry-01-1423.wav
139,Sad,Sad-06-1725.wav
140,Sad,Fearful-03-1051.wav
141,Sad,Sad-06-2106.wav
142,Sad,Sad-06-481.wav
143,Fearful,Fearful-03-1465.wav
144,Happy,Happy-04-2143.wav
145,Happy,Angry-01-1288.wav
146,Fearful,Fearful-03-1846.wav
147,Fearful,Fearful-03-1869.wav
148,Happy,Happy-04-1096.wav
149,Sad,Sad-06-1938.wav
150,Angry,Angry-01-1493.wav
151,Angry,Angry-01-1040.wav
152,Angry,Angry-01-1483.wav
153,Sad,Happy-04-426.wav
154,Angry,Angry-01-1914.wav
155,Sad,Sad-06-1571.wav
156,Angry,Angry-01-1704.wav
157,Happy,Happy-04-1140.wav
158,Angry,Happy-04-911.wav
159,Fearful,Angry-01-1299.wav
160,Angry,Angry-01-1375.wav
161,Angry,Happy-04-1174.wav
162,Happy,Happy-04-2113.wav
163,Fearful,Fearful-03-1777.wav
164,Sad,Fearful-03-1232.wav
165,Happy,Happy-04-2013.wav
166,Happy,Happy-04-410.wav
167,Happy,Happy-04-675.wav
168,Sad,Sad-06-2148.wav
169,Sad,Sad-06-1817.wav
170,Happy,Happy-04-1109.wav
171,Sad,Happy-04-337.wav
172,Happy,Fearful-03-1009.wav
173,Angry,Angry-01-1211.wav
174,Sad,Fearful-03-1147.wav
175,Angry,Angry-01-1924.wav
176,Fearful,Fearful-03-1856.wav
177,Sad,Sad-06-1443.wav
178,Sad,Sad-06-1770.wav
179,Sad,Sad-06-880.wav
180,Happy,Happy-04-934.wav
181,Angry,Happy-04-1494.wav
182,Angry,Angry-01-1451.wav
183,Fearful,Fearful-03-1787.wav
184,Sad,Sad-06-869.wav
185,Happy,Happy-04-1022.wav
186,Fearful,Fearful-03-1211.wav
187,Fearful,Fearful-03-1809.wav
188,Angry,Angry-01-1691.wav
189,Sad,Sad-06-1302.wav
190,Sad,Fearful-03-1542.wav
191,Angry,Angry-01-1934.wav
192,Happy,Angry-01-1505.wav
193,Sad,Sad-06-1574.wav
194,Sad,Fearful-03-1216.wav
195,Sad,Sad-06-576.wav
196,Fearful,Fearful-03-1765.wav
197,Angry,Fearful-03-1452.wav
198,Sad,Happy-04-423.wav
199,Happy,Fearful-03-1349.wav
200,Fearful,Happy-04-1110.wav
201,Sad,Sad-06-1989.wav
202,Happy,Happy-04-2049.wav
203,Sad,Sad-06-257.wav
204,Sad,Fearful-03-1587.wav
205,Sad,Sad-06-1761.wav
206,Sad,Sad-06-1174.wav
207,Happy,Happy-04-1844.wav
208,Happy,Happy-04-244.wav
209,Angry,Angry-01-1475.wav
210,Sad,Fearful-03-103.wav
211,Sad,Fearful-03-1603.wav
212,Sad,Sad-06-810.wav
213,Fearful,Fearful-03-1845.wav
214,Happy,Happy-04-704.wav
215,Sad,Sad-06-2134.wav
216,Sad,Sad-06-287.wav
217,Sad,Sad-06-1155.wav
218,Happy,Happy-04-116.wav
219,Happy,Happy-04-1672.wav
220,Angry,Angry-01-1130.wav
221,Happy,Happy-04-2079.wav
222,Happy,Happy-04-1830.wav
223,Happy,Happy-04-1801.wav
224,Sad,Fearful-03-1091.wav
225,Angry,Angry-01-1205.wav
226,Sad,Sad-06-139.wav
227,Angry,Fearful-03-1575.wav
228,Happy,Happy-04-1444.wav
229,Sad,Sad-06-1590.wav
230,Sad,Sad-06-560.wav
231,Sad,Sad-06-1752.wav
232,Angry,Angry-01-1751.wav
233,Happy,Happy-04-405.wav
234,Sad,Sad-06-26.wav
235,Sad,Sad-06-1548.wav
236,Angry,Angry-01-1322.wav
237,Angry,Angry-01-1554.wav
238,Sad,Happy-04-631.wav
239,Sad,Fearful-03-1419.wav
240,Fearful,Fearful-03-1884.wav
241,Fearful,Fearful-03-1906.wav
242,Happy,Happy-04-11.wav
243,Happy,Happy-04-1570.wav
244,Sad,Sad-06-504.wav
245,Sad,Fearful-03-1390.wav
246,Angry,Angry-01-1889.wav
247,Happy,Happy-04-625.wav
248,Angry,Angry-01-1795.wav
249,Sad,Sad-06-1440.wav
250,Sad,Sad-06-477.wav
251,Happy,Happy-04-1014.wav
252,Sad,Sad-06-1690.wav
253,Sad,Sad-06-2031.wav
254,Sad,Sad-06-1760.wav
255,Happy,Fearful-03-1023.wav
256,Angry,Angry-01-1892.wav
257,Happy,Happy-04-485.wav
258,Happy,Angry-01-1430.wav
259,Sad,Sad-06-734.wav
260,Happy,Happy-04-784.wav
261,Fearful,Fearful-03-1839.wav
262,Sad,Sad-06-571.wav
263,Sad,Happy-04-893.wav
264,Happy,Sad-06-1764.wav
265,Happy,Happy-04-606.wav
266,Happy,Happy-04-1666.wav
267,Angry,Angry-01-133.wav
268,Sad,Sad-06-1223.wav
269,Angry,Angry-01-1510.wav
270,Angry,Happy-04-892.wav
271,Happy,Angry-01-1686.wav
272,Sad,Sad-06-528.wav
273,Angry,Angry-01-1136.wav
274,Sad,Happy-04-1425.wav
275,Sad,Sad-06-491.wav
276,Happy,Happy-04-197.wav
277,Happy,Happy-04-1502.wav
278,Happy,Happy-04-1512.wav
279,Sad,Sad-06-856.wav
280,Angry,Fearful-03-1441.wav
281,Sad,Happy-04-86.wav
282,Sad,Happy-04-1264.wav
283,Angry,Angry-01-1366.wav
284,Sad,Sad-06-1990.wav
285,Sad,Sad-06-1898.wav
286,Sad,Happy-04-697.wav
287,Angry,Fearful-03-1334.wav
288,Sad,Sad-06-1627.wav
289,Happy,Angry-01-1076.wav
290,Happy,Happy-04-1215.wav
291,Happy,Happy-04-1931.wav
292,Sad,Happy-04-585.wav
293,Sad,Fearful-03-1555.wav
294,Sad,Sad-06-1218.wav
295,Sad,Sad-06-490.wav
296,Sad,Angry-01-1671.wav
297,Sad,Sad-06-1626.wav
298,Sad,Happy-04-476.wav
299,Sad,Sad-06-790.wav
300,Sad,Sad-06-1811.wav
301,Happy,Sad-06-384.wav
302,Sad,Sad-06-1967.wav
303,Angry,Fearful-03-1135.wav
304,Happy,Angry-01-1271.wav
305,Angry,Angry-01-1469.wav
306,Angry,Fearful-03-1451.wav
307,Fearful,Fearful-03-1816.wav
308,Sad,Sad-06-2025.wav
309,Happy,Happy-04-998.wav
310,Angry,Angry-01-118.wav
311,Sad,Sad-06-1145.wav
312,Happy,Angry-01-1435.wav
313,Fearful,Fearful-03-1718.wav
314,Happy,Happy-04-590.wav
315,Sad,Sad-06-1479.wav
316,Sad,Sad-06-2066.wav
317,Happy,Happy-04-171.wav
318,Sad,Happy-04-1640.wav
319,Angry,Angry-01-1072.wav
320,Sad,Fearful-03-1250.wav
321,Sad,Sad-06-632.wav
322,Sad,Sad-06-2140.wav
323,Happy,Fearful-03-1242.wav
324,Sad,Sad-06-237.wav
325,Happy,Happy-04-1756.wav
326,Happy,Angry-01-1123.wav
327,Fearful,Fearful-03-1898.wav
328,Sad,Sad-06-9.wav
329,Angry,Angry-01-1383.wav
330,Sad,Sad-06-1465.wav
331,Sad,Sad-06-325.wav
332,Sad,Happy-04-63.wav
333,Sad,Fearful-03-1274.wav
334,Angry,Angry-01-1705.wav
335,Happy,Happy-04-1913.wav
336,Happy,Happy-04-1835.wav
337,Happy,Sad-06-745.wav
338,Sad,Sad-06-1605.wav
339,Sad,Fearful-03-1227.wav
340,Sad,Sad-06-1657.wav
341,Happy,Happy-04-1704.wav
342,Fearful,Fearful-03-1785.wav
343,Sad,Sad-06-915.wav
344,Happy,Angry-01-1359.wav
345,Happy,Angry-01-1413.wav
346,Fearful,Happy-04-1449.wav
347,Sad,Fearful-03-1289.wav
348,Sad,Fearful-03-1621.wav
349,Angry,Angry-01-1490.wav
350,Happy,Happy-04-1357.wav
351,Sad,Sad-06-85.wav
352,Happy,Happy-04-1381.wav
353,Happy,Happy-04-1296.wav
354,Angry,Angry-01-1087.wav
355,Sad,Sad-06-1810.wav
356,Happy,Angry-01-1067.wav
357,Angry,Fearful-03-1017.wav
358,Happy,Happy-04-23.wav
359,Angry,Angry-01-154.wav
360,Angry,Happy-04-1166.wav
361,Angry,Angry-01-1116.wav
362,Happy,Happy-04-1878.wav
363,Happy,Happy-04-1950.wav
364,Angry,Angry-01-1440.wav
365,Sad,Sad-06-768.wav
366,Happy,Happy-04-1407.wav
367,Fearful,Fearful-03-1894.wav
368,Happy,Happy-04-1748.wav
369,Sad,Sad-06-1400.wav
370,Sad,Fearful-03-1210.wav
371,Sad,Sad-06-1308.wav
372,Sad,Happy-04-602.wav
373,Sad,Sad-06-1846.wav
374,Angry,Angry-01-1480.wav
375,Angry,Angry-01-1806.wav
376,Happy,Happy-04-1021.wav
377,Happy,Happy-04-741.wav
378,Sad,Fearful-03-1001.wav
379,Sad,Sad-06-715.wav
380,Sad,Fearful-03-1321.wav
381,Happy,Happy-04-1479.wav
382,Angry,Angry-01-1064.wav
383,Sad,Happy-04-65.wav
384,Happy,Happy-04-534.wav
385,Fearful,Fearful-03-1658.wav
386,Sad,Sad-06-1216.wav
387,Sad,Fearful-03-1258.wav
388,Angry,Angry-01-1054.wav
389,Sad,Happy-04-448.wav
390,Angry,Angry-01-1588.wav
391,Angry,Happy-04-1091.wav
392,Angry,Happy-04-1058.wav
393,Happy,Angry-01-1376.wav
394,Sad,Sad-06-209.wav
395,Sad,Sad-06-1899.wav
396,Happy,Fearful-03-1464.wav
397,Happy,Happy-04-215.wav
398,Happy,Happy-04-183.wav
399,Sad,Sad-06-714.wav
400,Angry,Angry-01-1779.wav
401,Angry,Fearful-03-1438.wav
402,Happy,Happy-04-725.wav
403,Sad,Sad-06-1894.wav
404,Sad,Sad-06-267.wav
405,Sad,Sad-06-1089.wav
406,Sad,Happy-04-874.wav
407,Sad,Sad-06-1073.wav
408,Happy,Happy-04-1112.wav
409,Sad,Sad-06-27.wav
410,Sad,Fearful-03-1199.wav
411,Sad,Sad-06-1830.wav
412,Fearful,Fearful-03-1710.wav
413,Sad,Fearful-03-1611.wav
414,Happy,Happy-04-1627.wav
415,Angry,Angry-01-1762.wav
416,Happy,Angry-01-1310.wav
417,Sad,Happy-04-160.wav
418,Happy,Happy-04-1352.wav
419,Sad,Sad-06-1489.wav
420,Sad,Happy-04-633.wav
421,Sad,Happy-04-1426.wav
422,Angry,Fearful-03-1568.wav
423,Happy,Happy-04-1824.wav
424,Sad,Sad-06-65.wav
425,Angry,Angry-01-1017.wav
426,Sad,Sad-06-1891.wav
427,Fearful,Happy-04-146.wav
428,Sad,Sad-06-1009.wav
429,Sad,Sad-06-1562.wav
430,Sad,Fearful-03-1217.wav
431,Happy,Fearful-03-1109.wav
432,Sad,Happy-04-74.wav
433,Angry,Angry-01-1886.wav
434,Fearful,Fearful-03-1887.wav
435,Happy,Angry-01-1264.wav
436,Fearful,Fearful-03-1771.wav
437,Fearful,Angry-01-1760.wav
438,Sad,Happy-04-810.wav
439,Fearful,Fearful-03-127.wav
440,Happy,Fearful-03-1028.wav
441,Happy,Happy-04-1912.wav
442,Sad,Happy-04-1308.wav
443,Sad,Sad-06-138.wav
444,Angry,Angry-01-1748.wav
445,Sad,Sad-06-875.wav
446,Happy,Angry-01-1135.wav
447,Sad,Sad-06-279.wav
448,Happy,Happy-04-685.wav
449,Sad,Sad-06-949.wav
450,Happy,Happy-04-2146.wav
451,Happy,Angry-01-1419.wav
452,Sad,Sad-06-1651.wav
453,Angry,Angry-01-129.wav
454,Sad,Sad-06-945.wav
455,Sad,Sad-06-1684.wav
456,Sad,Sad-06-1704.wav
457,Sad,Sad-06-316.wav
458,Sad,Sad-06-1977.wav
459,Happy,Angry-01-120.wav
460,Angry,Angry-01-151.wav
461,Sad,Fearful-03-1508.wav
462,Fearful,Fearful-03-1882.wav
463,Happy,Happy-04-1961.wav
464,Fearful,Fearful-03-1680.wav
465,Sad,Sad-06-1196.wav
466,Angry,Angry-01-1771.wav
467,Angry,Happy-04-724.wav
468,Sad,Happy-04-1646.wav
469,Fearful,Happy-04-1272.wav
470,Fearful,Fearful-03-133.wav
471,Sad,Sad-06-1353.wav
472,Sad,Fearful-03-1244.wav
473,Angry,Angry-01-1386.wav
474,Sad,Sad-06-2041.wav
475,Happy,Happy-04-1890.wav
476,Sad,Sad-06-351.wav
477,Sad,Sad-06-628.wav
478,Angry,Angry-01-1189.wav
479,Sad,Sad-06-608.wav
480,Sad,Sad-06-240.wav
481,Sad,Fearful-03-1061.wav
482,Sad,Sad-06-45.wav
483,Happy,Happy-04-1698.wav
484,Angry,Angry-01-1488.wav
485,Sad,Fearful-03-1553.wav
486,Sad,Sad-06-418.wav
487,Sad,Fearful-03-1238.wav
488,Happy,Happy-04-2041.wav
489,Happy,Happy-04-308.wav
490,Sad,Happy-04-28.wav
491,Sad,Sad-06-2026.wav
492,Happy,Happy-04-1823.wav
493,Sad,Fearful-03-1558.wav
494,Sad,Sad-06-456.wav
495,Sad,Sad-06-1860.wav
496,Sad,Sad-06-1941.wav
497,Sad,Sad-06-1388.wav
498,Sad,Sad-06-1157.wav
499,Happy,Happy-04-687.wav
500,Happy,Fearful-03-1375.wav
501,Happy,Happy-04-2096.wav
502,Sad,Angry-01-1528.wav
503,Happy,Fearful-03-148.wav
504,Sad,Sad-06-1745.wav
505,Happy,Happy-04-1915.wav
506,Sad,Sad-06-185.wav
507,Fearful,Sad-06-756.wav
508,Angry,Angry-01-1675.wav
509,Angry,Angry-01-1102.wav
510,Sad,Sad-06-762.wav
511,Sad,Sad-06-2093.wav
512,Happy,Happy-04-965.wav
513,Sad,Sad-06-2023.wav
514,Happy,Happy-04-2024.wav
515,Fearful,Fearful-03-1872.wav
516,Happy,Happy-04-1314.wav
517,Sad,Fearful-03-1434.wav
518,Happy,Happy-04-329.wav
519,Fearful,Fearful-03-1695.wav
520,Happy,Sad-06-2115.wav
521,Angry,Angry-01-1341.wav
522,Sad,Sad-06-748.wav
523,Happy,Happy-04-43.wav
524,Sad,Fearful-03-1585.wav
525,Sad,Sad-06-1208.wav
526,Happy,Angry-01-1047.wav
527,Sad,Sad-06-581.wav
528,Angry,Angry-01-1912.wav
529,Angry,Angry-01-1941.wav
530,Sad,Sad-06-1840.wav
531,Happy,Happy-04-642.wav
532,Angry,Fearful-03-1266.wav
533,Sad,Sad-06-42.wav
534,Sad,Sad-06-1119.wav
535,Sad,Sad-06-1090.wav
536,Sad,Sad-06-2154.wav
537,Sad,Fearful-03-1459.wav
538,Angry,Angry-01-1906.wav
539,Angry,Angry-01-1876.wav
540,Sad,Sad-06-922.wav
541,Happy,Happy-04-29.wav
542,Sad,Sad-06-1974.wav
543,Sad,Happy-04-1485.wav
544,Happy,Happy-04-1684.wav
545,Sad,Sad-06-1883.wav
546,Sad,Sad-06-1932.wav
547,Happy,Fearful-03-1020.wav
548,Sad,Sad-06-877.wav
549,Sad,Happy-04-927.wav
550,Happy,Happy-04-73.wav
551,Angry,Angry-01-1194.wav
552,Sad,Sad-06-704.wav
553,Angry,Angry-01-1780.wav
554,Happy,Happy-04-1280.wav
555,Sad,Happy-04-517.wav
556,Sad,Happy-04-1171.wav
557,Happy,Happy-04-1252.wav
558,Happy,Fearful-03-105.wav
559,Happy,Happy-04-605.wav
560,Happy,Fearful-03-1161.wav
561,Happy,Happy-04-2162.wav
562,Angry,Happy-04-1190.wav
563,Angry,Angry-01-104.wav
564,Sad,Fearful-03-1160.wav
565,Sad,Angry-01-1529.wav
566,Happy,Happy-04-979.wav
567,Happy,Happy-04-1951.wav
568,Angry,Fearful-03-1474.wav
569,Sad,Fearful-03-1645.wav
570,Angry,Happy-04-552.wav
571,Happy,Angry-01-1149.wav
572,Happy,Happy-04-726.wav
573,Angry,Angry-01-1558.wav
574,Sad,Fearful-03-1534.wav
575,Happy,Happy-04-528.wav
576,Sad,Fearful-03-1131.wav
577,Sad,Fearful-03-1174.wav
578,Sad,Sad-06-319.wav
579,Happy,Happy-04-192.wav
580,Fearful,Happy-04-1589.wav
581,Happy,Happy-04-1920.wav
582,Sad,Sad-06-1337.wav
583,Sad,Sad-06-1572.wav
584,Angry,Happy-04-766.wav
585,Angry,Happy-04-1017.wav
586,Fearful,Fearful-03-1745.wav
587,Sad,Sad-06-722.wav
588,Happy,Happy-04-1960.wav
589,Angry,Angry-01-143.wav
590,Sad,Sad-06-1293.wav
591,Sad,Sad-06-2161.wav
592,Sad,Sad-06-719.wav
593,Angry,Angry-01-1520.wav
594,Sad,Fearful-03-1231.wav
595,Happy,Happy-04-262.wav
596,Sad,Sad-06-1039.wav
597,Happy,Happy-04-1817.wav
598,Sad,Fearful-03-1412.wav
599,Sad,Sad-06-1892.wav
600,Sad,Fearful-03-1516.wav
601,Happy,Fearful-03-1200.wav
602,Happy,Happy-04-2088.wav
603,Happy,Sad-06-458.wav
604,Happy,Happy-04-1617.wav
605,Happy,Sad-06-1375.wav
606,Happy,Happy-04-453.wav
607,Sad,Angry-01-1.wav
608,Sad,Sad-06-874.wav
609,Angry,Angry-01-142.wav
610,Sad,Sad-06-262.wav
611,Happy,Happy-04-278.wav
612,Angry,Angry-01-1629.wav
613,Sad,Sad-06-431.wav
614,Sad,Sad-06-196.wav
615,Sad,Fearful-03-15.wav
616,Happy,Happy-04-1345.wav
617,Sad,Happy-04-202.wav
618,Happy,Angry-01-1453.wav
619,Happy,Happy-04-1892.wav
620,Sad,Happy-04-58.wav
621,Sad,Sad-06-1622.wav
622,Happy,Happy-04-1542.wav
623,Sad,Sad-06-1642.wav
624,Happy,Happy-04-1121.wav
625,Sad,Fearful-03-161.wav
626,Sad,Fearful-03-1599.wav
627,Sad,Sad-06-1135.wav
628,Sad,Sad-06-1942.wav
629,Sad,Angry-01-1303.wav
630,Happy,Happy-04-1811.wav
631,Sad,Sad-06-1983.wav
632,Happy,Happy-04-288.wav
633,Happy,Happy-04-1916.wav
634,Happy,Happy-04-1469.wav
635,Sad,Fearful-03-118.wav
636,Sad,Sad-06-17.wav
637,Happy,Happy-04-1360.wav
638,Sad,Fearful-03-1605.wav
639,Sad,Happy-04-1445.wav
640,Sad,Sad-06-918.wav
641,Sad,Sad-06-333.wav
642,Sad,Sad-06-29.wav
643,Sad,Sad-06-371.wav
644,Happy,Angry-01-198.wav
645,Happy,Happy-04-2047.wav
646,Happy,Happy-04-1442.wav
647,Sad,Sad-06-1643.wav
648,Angry,Angry-01-1209.wav
649,Sad,Sad-06-1243.wav
650,Sad,Sad-06-1639.wav
651,Sad,Sad-06-1594.wav
652,Happy,Happy-04-1798.wav
653,Sad,Sad-06-248.wav
654,Happy,Happy-04-2015.wav
655,Sad,Sad-06-1313.wav
656,Sad,Sad-06-838.wav
657,Angry,Angry-01-1569.wav
658,Sad,Sad-06-783.wav
659,Happy,Happy-04-909.wav
660,Happy,Happy-04-220.wav
661,Happy,Happy-04-2004.wav
662,Happy,Happy-04-176.wav
663,Sad,Sad-06-1314.wav
664,Happy,Happy-04-1979.wav
665,Sad,Sad-06-645.wav
666,Angry,Happy-04-861.wav
667,Sad,Sad-06-1873.wav
668,Sad,Sad-06-705.wav
669,Sad,Sad-06-1683.wav
670,Sad,Fearful-03-1057.wav
671,Happy,Happy-04-1777.wav
672,Sad,Sad-06-290.wav
673,Sad,Sad-06-976.wav
674,Angry,Angry-01-1789.wav
675,Happy,Happy-04-1496.wav
676,Sad,Happy-04-591.wav
677,Happy,Happy-04-2112.wav
678,Sad,Sad-06-1024.wav
679,Happy,Happy-04-128.wav
680,Happy,Happy-04-2031.wav
681,Sad,Fearful-03-1393.wav
682,Happy,Happy-04-621.wav
683,Fearful,Angry-01-108.wav
684,Sad,Sad-06-2110.wav
685,Angry,Angry-01-1641.wav
686,Sad,Sad-06-1180.wav
687,Fearful,Happy-04-1468.wav
688,Happy,Happy-04-2152.wav
689,Fearful,Happy-04-1583.wav
690,Happy,Happy-04-369.wav
691,Sad,Sad-06-2111.wav
692,Happy,Fearful-03-1264.wav
693,Happy,Happy-04-1249.wav
694,Happy,Happy-04-990.wav
695,Sad,Sad-06-1700.wav
696,Sad,Sad-06-641.wav
697,Angry,Angry-01-178.wav
698,Happy,Fearful-03-1511.wav
699,Happy,Happy-04-1963.wav
700,Happy,Happy-04-287.wav
701,Happy,Sad-06-1401.wav
702,Happy,Happy-04-732.wav
703,Happy,Happy-04-679.wav
704,Fearful,Happy-04-1523.wav
705,Happy,Happy-04-827.wav
706,Angry,Angry-01-1796.wav
707,Sad,Sad-06-489.wav
708,Happy,Happy-04-1653.wav
709,Sad,Happy-04-536.wav
710,Sad,Sad-06-1778.wav
711,Sad,Sad-06-772.wav
712,Happy,Happy-04-1946.wav
713,Fearful,Fearful-03-1828.wav
714,Sad,Sad-06-1307.wav
715,Angry,Angry-01-1514.wav
716,Happy,Happy-04-1146.wav
717,Happy,Happy-04-841.wav
718,Sad,Sad-06-5.wav
719,Happy,Happy-04-835.wav
720,Happy,Angry-01-1187.wav
721,Angry,Fearful-03-1522.wav
722,Sad,Fearful-03-1246.wav
723,Happy,Happy-04-173.wav
724,Fearful,Fearful-03-1904.wav
725,Sad,Sad-06-2146.wav
726,Angry,Angry-01-1390.wav
727,Sad,Fearful-03-1384.wav
728,Sad,Sad-06-582.wav
729,Sad,Sad-06-1779.wav
730,Happy,Happy-04-394.wav
731,Angry,Happy-04-1256.wav
732,Happy,Happy-04-1736.wav
733,Sad,Fearful-03-169.wav
734,Sad,Happy-04-185.wav
735,Sad,Happy-04-38.wav
736,Happy,Happy-04-1472.wav
737,Angry,Happy-04-1423.wav
738,Angry,Angry-01-1441.wav
739,Angry,Angry-01-1185.wav
740,Sad,Happy-04-17.wav
741,Sad,Sad-06-2082.wav
742,Happy,Happy-04-745.wav
743,Angry,Angry-01-190.wav
744,Sad,Sad-06-687.wav
745,Happy,Angry-01-1223.wav
746,Angry,Angry-01-1626.wav
747,Happy,Happy-04-1482.wav
748,Sad,Happy-04-1290.wav
749,Sad,Sad-06-1598.wav
750,Sad,Sad-06-702.wav
751,Angry,Angry-01-101.wav
752,Sad,Sad-06-1333.wav
753,Sad,Sad-06-717.wav
754,Happy,Fearful-03-166.wav
755,Sad,Sad-06-1390.wav
756,Fearful,Fearful-03-1886.wav
757,Angry,Angry-01-1663.wav
758,Angry,Angry-01-1830.wav
759,Sad,Sad-06-2008.wav
760,Sad,Sad-06-1054.wav
761,Sad,Sad-06-585.wav
762,Sad,Fearful-03-1487.wav
763,Sad,Fearful-03-1299.wav
764,Angry,Angry-01-1797.wav
765,Fearful,Fearful-03-1769.wav
766,Sad,Fearful-03-1286.wav
767,Happy,Sad-06-2069.wav
768,Happy,Happy-04-975.wav
769,Happy,Angry-01-117.wav
770,Angry,Angry-01-1657.wav
771,Sad,Sad-06-278.wav
772,Sad,Sad-06-301.wav
773,Happy,Happy-04-352.wav
774,Happy,Happy-04-961.wav
775,Happy,Happy-04-709.wav
776,Sad,Sad-06-1171.wav
777,Sad,Sad-06-1470.wav
778,Happy,Angry-01-1075.wav
779,Sad,Sad-06-200.wav
780,Sad,Sad-06-642.wav
781,Sad,Sad-06-1646.wav
782,Happy,Angry-01-187.wav
783,Angry,Angry-01-1014.wav
784,Angry,Angry-01-1326.wav
785,Happy,Fearful-03-100.wav
786,Sad,Sad-06-423.wav
787,Happy,Happy-04-1926.wav
788,Angry,Angry-01-1604.wav
789,Happy,Happy-04-263.wav
790,Angry,Angry-01-1831.wav
791,Sad,Happy-04-1552.wav
792,Fearful,Fearful-03-1652.wav
793,Fearful,Fearful-03-1890.wav
794,Happy,Happy-04-1569.wav
795,Fearful,Fearful-03-1832.wav
796,Sad,Sad-06-1259.wav
797,Sad,Sad-06-517.wav
798,Angry,Angry-01-1101.wav
799,Sad,Sad-06-381.wav
800,Happy,Happy-04-1944.wav
801,Happy,Happy-04-1489.wav
802,Sad,Sad-06-1031.wav
803,Sad,Fearful-03-1122.wav
804,Sad,Sad-06-1074.wav
805,Happy,Angry-01-1409.wav
806,Sad,Happy-04-55.wav
807,Sad,Sad-06-1230.wav
808,Happy,Happy-04-763.wav
809,Sad,Sad-06-1068.wav
810,Angry,Angry-01-1048.wav
811,Happy,Happy-04-1752.wav
812,Sad,Happy-04-22.wav
813,Angry,Happy-04-889.wav
814,Sad,Sad-06-1607.wav
815,Angry,Angry-01-1742.wav
816,Happy,Angry-01-1085.wav
817,Angry,Angry-01-1461.wav
818,Happy,Happy-04-1696.wav
819,Happy,Happy-04-995.wav
820,Happy,Happy-04-1400.wav
821,Happy,Happy-04-1488.wav
822,Sad,Sad-06-2101.wav
823,Angry,Angry-01-1921.wav
824,Sad,Sad-06-1338.wav
825,Sad,Sad-06-1382.wav
826,Angry,Angry-01-1899.wav
827,Happy,Sad-06-1988.wav
828,Happy,Happy-04-1181.wav
829,Sad,Happy-04-1641.wav
830,Angry,Angry-01-105.wav
831,Sad,Happy-04-1033.wav
832,Happy,Sad-06-247.wav
833,Happy,Sad-06-214.wav
834,Happy,Angry-01-188.wav
835,Fearful,Fearful-03-1733.wav
836,Angry,Angry-01-1388.wav
837,Sad,Sad-06-1517.wav
838,Happy,Happy-04-856.wav
839,Sad,Sad-06-739.wav
840,Angry,Angry-01-1104.wav
841,Sad,Sad-06-1236.wav
842,Angry,Angry-01-1767.wav
843,Happy,Angry-01-1142.wav
844,Angry,Angry-01-1833.wav
845,Happy,Angry-01-1501.wav
846,Sad,Sad-06-24.wav
847,Happy,Happy-04-1793.wav
848,Angry,Angry-01-1254.wav
849,Sad,Sad-06-1875.wav
850,Happy,Happy-04-1208.wav
851,Sad,Happy-04-317.wav
852,Happy,Happy-04-1932.wav
853,Sad,Sad-06-1176.wav
854,Sad,Sad-06-2071.wav
855,Angry,Happy-04-1097.wav
856,Sad,Sad-06-292.wav
857,Sad,Fearful-03-1011.wav
858,Sad,Sad-06-377.wav
859,Angry,Angry-01-1405.wav
860,Happy,Sad-06-1986.wav
861,Happy,Happy-04-386.wav
862,Sad,Happy-04-816.wav
863,Happy,Fearful-03-1337.wav
864,Fearful,Happy-04-1491.wav
865,Happy,Happy-04-2042.wav
866,Happy,Happy-04-437.wav
867,Happy,Happy-04-325.wav
868,Sad,Happy-04-1042.wav
869,Sad,Fearful-03-17.wav
870,Sad,Sad-06-598.wav
871,Happy,Happy-04-291.wav
872,Sad,Fearful-03-1618.wav
873,Sad,Fearful-03-134.wav
874,Happy,Happy-04-364.wav
875,Happy,Happy-04-1803.wav
876,Sad,Sad-06-108.wav
877,Angry,Happy-04-1564.wav
878,Fearful,Fearful-03-1373.wav
879,Sad,Fearful-03-1406.wav
880,Angry,Angry-01-1447.wav
881,Sad,Sad-06-1787.wav
882,Angry,Angry-01-1026.wav
883,Sad,Angry-01-1587.wav
884,Sad,Sad-06-64.wav
885,Happy,Happy-04-2101.wav
886,Happy,Angry-01-1073.wav
887,Sad,Happy-04-666.wav
888,Angry,Happy-04-1571.wav
889,Sad,Fearful-03-1291.wav
890,Sad,Sad-06-1458.wav
891,Fearful,Fearful-03-1181.wav
892,Happy,Happy-04-1222.wav
893,Sad,Sad-06-1215.wav
894,Happy,Fearful-03-1350.wav
895,Sad,Fearful-03-1637.wav
896,Sad,Sad-06-1678.wav
897,Happy,Happy-04-561.wav
898,Sad,Sad-06-1685.wav
899,Sad,Sad-06-1505.wav
900,Happy,Fearful-03-1270.wav
901,Angry,Angry-01-1086.wav
902,Sad,Sad-06-1280.wav
903,Fearful,Fearful-03-1672.wav
904,Sad,Sad-06-721.wav
905,Sad,Sad-06-442.wav
906,Sad,Sad-06-1786.wav
907,Happy,Happy-04-853.wav
908,Fearful,Fearful-03-1763.wav
909,Sad,Angry-01-1963.wav
910,Sad,Sad-06-447.wav
911,Sad,Sad-06-1191.wav
912,Sad,Sad-06-228.wav
913,Angry,Angry-01-1801.wav
914,Sad,Fearful-03-1285.wav
915,Sad,Sad-06-1241.wav
916,Angry,Fearful-03-1477.wav
917,Happy,Angry-01-1257.wav
918,Sad,Fearful-03-1501.wav
919,Sad,Sad-06-474.wav
920,Sad,Sad-06-1871.wav
921,Sad,Sad-06-80.wav
922,Happy,Angry-01-1632.wav
923,Sad,Sad-06-216.wav
924,Angry,Angry-01-1602.wav
925,Sad,Fearful-03-1627.wav
926,Happy,Happy-04-117.wav
927,Fearful,Fearful-03-1195.wav
928,Happy,Happy-04-342.wav
929,Happy,Happy-04-2014.wav
930,Fearful,Fearful-03-1711.wav
931,Fearful,Fearful-03-1187.wav
932,Sad,Sad-06-1398.wav
933,Sad,Sad-06-106.wav
934,Sad,Happy-04-1579.wav
935,Sad,Sad-06-1970.wav
936,Happy,Happy-04-494.wav
937,Happy,Sad-06-379.wav
938,Happy,Happy-04-2132.wav
939,Angry,Angry-01-1952.wav
940,Happy,Happy-04-694.wav
941,Happy,Happy-04-2003.wav
942,Sad,Happy-04-626.wav
943,Angry,Angry-01-1989.wav
944,Sad,Happy-04-586.wav
945,Happy,Happy-04-779.wav
946,Fearful,Angry-01-1163.wav
947,Sad,Sad-06-1680.wav
948,Happy,Happy-04-1797.wav
949,Fearful,Fearful-03-1140.wav
950,Sad,Sad-06-975.wav
951,Angry,Fearful-03-1152.wav
952,Fearful,Angry-01-1496.wav
953,Sad,Fearful-03-1377.wav
954,Sad,Sad-06-1608.wav
955,Happy,Happy-04-154.wav
956,Sad,Sad-06-1463.wav
957,Sad,Happy-04-748.wav
958,Happy,Happy-04-966.wav
959,Sad,Sad-06-1399.wav
960,Angry,Happy-04-1406.wav
961,Sad,Sad-06-1376.wav
962,Happy,Happy-04-599.wav
963,Happy,Happy-04-1366.wav
964,Angry,Angry-01-1700.wav
965,Sad,Sad-06-1851.wav
966,Sad,Sad-06-527.wav
967,Angry,Happy-04-917.wav
968,Angry,Angry-01-1236.wav
969,Angry,Angry-01-163.wav
970,Sad,Fearful-03-1622.wav
971,Sad,Happy-04-1427.wav
972,Angry,Happy-04-1104.wav
973,Angry,Angry-01-1852.wav
974,Angry,Angry-01-1563.wav
975,Sad,Fearful-03-1615.wav
976,Fearful,Sad-06-1917.wav
977,Sad,Happy-04-1258.wav
978,Angry,Happy-04-433.wav
979,Sad,Sad-06-1628.wav
980,Fearful,Fearful-03-1666.wav
981,Sad,Fearful-03-1440.wav
982,Happy,Happy-04-372.wav
983,Angry,Angry-01-1356.wav
984,Sad,Sad-06-1832.wav
985,Happy,Happy-04-212.wav
986,Sad,Sad-06-1023.wav
987,Fearful,Fearful-03-1784.wav
988,Happy,Sad-06-1975.wav
989,Sad,Sad-06-906.wav
990,Angry,Angry-01-1678.wav
991,Sad,Sad-06-603.wav
992,Angry,Angry-01-1567.wav
993,Sad,Fearful-03-1323.wav
994,Angry,Angry-01-1816.wav
995,Sad,Sad-06-1698.wav
996,Fearful,Fearful-03-1749.wav
997,Happy,Happy-04-809.wav
998,Angry,Angry-01-1674.wav
999,Sad,Sad-06-910.wav
1000,Fearful,Fearful-03-1851.wav
1001,Happy,Happy-04-122.wav
1002,Sad,Sad-06-1204.wav
1003,Angry,Angry-01-1311.wav
1004,Fearful,Fearful-03-1158.wav
1005,Happy,Happy-04-1677.wav
1006,Happy,Happy-04-957.wav
1007,Sad,Sad-06-917.wav
1008,Angry,Angry-01-1887.wav
1009,Happy,Angry-01-1285.wav
1010,Sad,Sad-06-255.wav
1011,Angry,Angry-01-1402.wav
1012,Sad,Sad-06-1377.wav
1013,Sad,Sad-06-1248.wav
1014,Sad,Sad-06-666.wav
1015,Happy,Happy-04-1731.wav
1016,Sad,Happy-04-207.wav
1017,Sad,Sad-06-833.wav
1018,Sad,Fearful-03-1118.wav
1019,Sad,Sad-06-903.wav
1020,Angry,Fearful-03-1134.wav
1021,Sad,Happy-04-1597.wav
1022,Happy,Angry-01-1421.wav
1023,Angry,Angry-01-1925.wav
1024,Happy,Happy-04-926.wav
1025,Sad,Sad-06-1322.wav
1026,Fearful,Fearful-03-1860.wav
1027,Sad,Sad-06-141.wav
1028,Happy,Happy-04-728.wav
1029,Sad,Fearful-03-1031.wav
1030,Sad,Sad-06-1260.wav
1031,Fearful,Fearful-03-1667.wav
1032,Sad,Sad-06-1468.wav
1033,Sad,Sad-06-1691.wav
1034,Happy,Happy-04-1078.wav
1035,Fearful,Fearful-03-1790.wav
1036,Happy,Happy-04-772.wav
1037,Sad,Sad-06-1459.wav
1038,Sad,Happy-04-82.wav
1039,Sad,Happy-04-867.wav
1040,Fearful,Fearful-03-1928.wav
1041,Happy,Angry-01-185.wav
1042,Fearful,Fearful-03-1759.wav
1043,Angry,Angry-01-1950.wav
1044,Sad,Sad-06-883.wav
1045,Sad,Sad-06-1808.wav
1046,Sad,Sad-06-1965.wav
1047,Happy,Happy-04-1125.wav
1048,Happy,Happy-04-2069.wav
1049,Happy,Happy-04-2061.wav
1050,Happy,Happy-04-1899.wav
1051,Sad,Fearful-03-1234.wav
1052,Happy,Happy-04-100.wav
1053,Sad,Sad-06-1197.wav
1054,Happy,Happy-04-247.wav
1055,Sad,Sad-06-1041.wav
1056,Angry,Angry-01-1694.wav
1057,Happy,Happy-04-613.wav
1058,Happy,Angry-01-1377.wav
1059,Happy,Happy-04-415.wav
1060,Sad,Sad-06-1407.wav
1061,Happy,Happy-04-380.wav
1062,Happy,Happy-04-2164.wav
1063,Fearful,Fearful-03-1858.wav
1064,Angry,Angry-01-1171.wav
1065,Sad,Fearful-03-1058.wav
1066,Sad,Sad-06-1131.wav
1067,Happy,Happy-04-785.wav
1068,Sad,Sad-06-1730.wav
1069,Sad,Sad-06-1845.wav
1070,Angry,Angry-01-1996.wav
1071,Happy,Happy-04-1725.wav
1072,Happy,Happy-04-1673.wav
1073,Sad,Sad-06-828.wav
1074,Sad,Sad-06-1638.wav
1075,Happy,Happy-04-1065.wav
1076,Happy,Happy-04-1019.wav
1077,Happy,Happy-04-219.wav
1078,Sad,Sad-06-1674.wav
1079,Sad,Sad-06-1701.wav
1080,Angry,Angry-01-1838.wav
1081,Sad,Sad-06-1099.wav
1082,Sad,Sad-06-184.wav
1083,Happy,Happy-04-1431.wav
1084,Sad,Sad-06-920.wav
1085,Happy,Happy-04-1577.wav
1086,Happy,Happy-04-109.wav
1087,Happy,Happy-04-296.wav
1088,Sad,Sad-06-392.wav
1089,Sad,Sad-06-2147.wav
1090,Sad,Sad-06-284.wav
1091,Sad,Fearful-03-1643.wav
1092,Sad,Happy-04-1626.wav
1093,Sad,Sad-06-476.wav
1094,Happy,Happy-04-1976.wav
1095,Happy,Happy-04-833.wav
1096,Sad,Fearful-03-176.wav
1097,Angry,Angry-01-1792.wav
1098,Sad,Fearful-03-1325.wav
1099,Sad,Happy-04-721.wav
1100,Sad,Sad-06-352.wav
1101,Sad,Fearful-03-13.wav
1102,Happy,Happy-04-960.wav
1103,Angry,Angry-01-1781.wav
1104,Happy,Happy-04-1203.wav
1105,Angry,Happy-04-1404.wav
1106,Sad,Sad-06-936.wav
1107,Sad,Sad-06-1381.wav
1108,Happy,Happy-04-869.wav
1109,Happy,Happy-04-2105.wav
1110,Happy,Angry-01-1272.wav
1111,Sad,Sad-06-970.wav
1112,Sad,Sad-06-1500.wav
1113,Happy,Fearful-03-1226.wav
1114,Sad,Sad-06-1963.wav
1115,Sad,Sad-06-1731.wav
1116,Sad,Happy-04-596.wav
1117,Sad,Fearful-03-1411.wav
1118,Happy,Happy-04-1712.wav
1119,Happy,Sad-06-222.wav
1120,Sad,Fearful-03-1417.wav
1121,Happy,Happy-04-101.wav
1122,Happy,Happy-04-1941.wav
1123,Sad,Happy-04-504.wav
1124,Fearful,Fearful-03-1799.wav
1125,Sad,Happy-04-1413.wav
1126,Sad,Happy-04-57.wav
1127,Sad,Fearful-03-1610.wav
1128,Sad,Happy-04-1632.wav
1129,Sad,Sad-06-1953.wav
1130,Happy,Angry-01-1219.wav
1131,Happy,Sad-06-221.wav
1132,Happy,Happy-04-1724.wav
1133,Angry,Happy-04-1433.wav
1134,Sad,Fearful-03-1607.wav
1135,Sad,Happy-04-4.wav
1136,Sad,Fearful-03-1499.wav
1137,Sad,Sad-06-689.wav
1138,Happy,Happy-04-1108.wav
1139,Happy,Happy-04-1219.wav
1140,Sad,Sad-06-822.wav
1141,Angry,Angry-01-1560.wav
1142,Happy,Happy-04-179.wav
1143,Angry,Angry-01-1334.wav
1144,Sad,Sad-06-34.wav
1145,Happy,Happy-04-2032.wav
1146,Sad,Sad-06-2049.wav
1147,Sad,Fearful-03-1533.wav
1148,Angry,Angry-01-1817.wav
1149,Happy,Happy-04-2059.wav
1150,Angry,Fearful-03-1326.wav
1151,Sad,Sad-06-135.wav
1152,Sad,Sad-06-1853.wav
1153,Sad,Happy-04-85.wav
1154,Happy,Fearful-03-1343.wav
1155,Happy,Happy-04-14.wav
1156,Sad,Sad-06-461.wav
1157,Happy,Happy-04-196.wav
1158,Sad,Sad-06-760.wav
1159,Happy,Angry-01-1352.wav
1160,Angry,Fearful-03-1410.wav
1161,Sad,Fearful-03-1283.wav
1162,Happy,Happy-04-1421.wav
1163,Happy,Fearful-03-1407.wav
1164,Sad,Sad-06-599.wav
1165,Sad,Sad-06-1661.wav
1166,Sad,Happy-04-923.wav
1167,Sad,Sad-06-4.wav
1168,Sad,Sad-06-1038.wav
1169,Sad,Sad-06-1037.wav
1170,Sad,Happy-04-545.wav
1171,Sad,Sad-06-577.wav
1172,Happy,Angry-01-1625.wav
1173,Sad,Happy-04-61.wav
1174,Happy,Happy-04-768.wav
1175,Happy,Happy-04-824.wav
1176,Angry,Angry-01-1724.wav
1177,Happy,Happy-04-611.wav
1178,Sad,Sad-06-1435.wav
1179,Sad,Sad-06-1242.wav
1180,Happy,Fearful-03-188.wav
1181,Angry,Angry-01-1444.wav
1182,Sad,Happy-04-858.wav
1183,Sad,Happy-04-276.wav
1184,Sad,Sad-06-1020.wav
1185,Sad,Sad-06-2165.wav
1186,Sad,Fearful-03-1344.wav
1187,Happy,Happy-04-604.wav
1188,Happy,Happy-04-1706.wav
1189,Sad,Happy-04-427.wav
1190,Happy,Happy-04-700.wav
1191,Sad,Happy-04-1585.wav
1192,Happy,Happy-04-637.wav
1193,Happy,Happy-04-702.wav
1194,Happy,Angry-01-1495.wav
1195,Happy,Fearful-03-1179.wav
1196,Angry,Angry-01-1846.wav
1197,Sad,Sad-06-2086.wav
1198,Sad,Fearful-03-1612.wav
1199,Angry,Angry-01-1043.wav
1200,Sad,Sad-06-866.wav
1201,Fearful,Fearful-03-1952.wav
1202,Happy,Happy-04-379.wav
1203,Sad,Happy-04-1544.wav
1204,Sad,Happy-04-523.wav
1205,Happy,Happy-04-832.wav
1206,Sad,Sad-06-54.wav
1207,Angry,Angry-01-1961.wav
1208,Sad,Angry-01-1427.wav
1209,Angry,Angry-01-1143.wav
1210,Angry,Angry-01-1679.wav
1211,Happy,Happy-04-216.wav
1212,Sad,Sad-06-1246.wav
1213,Sad,Sad-06-1741.wav
1214,Sad,Fearful-03-1456.wav
1215,Happy,Fearful-03-116.wav
1216,Angry,Angry-01-1720.wav
1217,Sad,Sad-06-814.wav
1218,Happy,Sad-06-1411.wav
1219,Fearful,Fearful-03-1748.wav
1220,Angry,Fearful-03-1141.wav
1221,Sad,Sad-06-1997.wav
1222,Fearful,Fearful-03-1950.wav
1223,Sad,Happy-04-1434.wav
1224,Angry,Angry-01-1877.wav
1225,Sad,Sad-06-422.wav
1226,Happy,Happy-04-499.wav
1227,Sad,Happy-04-1559.wav
1228,Sad,Sad-06-1360.wav
1229,Angry,Happy-04-905.wav
1230,Happy,Happy-04-899.wav
1231,Sad,Sad-06-19.wav
1232,Happy,Happy-04-2148.wav
1233,Angry,Angry-01-1472.wav
1234,Sad,Sad-06-2027.wav
1235,Happy,Happy-04-840.wav
1236,Happy,Happy-04-188.wav
1237,Happy,Happy-04-717.wav
1238,Happy,Angry-01-1177.wav
1239,Happy,Angry-01-1415.wav
1240,Sad,Fearful-03-1577.wav
1241,Happy,Happy-04-233.wav
1242,Sad,Happy-04-665.wav
1243,Sad,Sad-06-2130.wav
1244,Sad,Sad-06-1945.wav
1245,Happy,Happy-04-1362.wav
1246,Sad,Sad-06-178.wav
1247,Sad,Happy-04-13.wav
1248,Angry,Angry-01-173.wav
1249,Sad,Sad-06-1746.wav
1250,Happy,Angry-01-1247.wav
1251,Happy,Happy-04-153.wav
1252,Happy,Happy-04-1674.wav
1253,Sad,Sad-06-63.wav
1254,Angry,Angry-01-1890.wav
1255,Sad,Sad-06-1454.wav
1256,Sad,Sad-06-1596.wav
1257,Sad,Sad-06-1348.wav
1258,Happy,Happy-04-1148.wav
1259,Angry,Angry-01-1873.wav
1260,Sad,Fearful-03-1162.wav
1261,Sad,Sad-06-90.wav
1262,Sad,Happy-04-1034.wav
1263,Sad,Sad-06-1049.wav
1264,Happy,Happy-04-1116.wav
1265,Sad,Fearful-03-1479.wav
1266,Happy,Happy-04-811.wav
1267,Angry,Angry-01-1910.wav
1268,Sad,Fearful-03-1554.wav
1269,Sad,Sad-06-193.wav
1270,Sad,Sad-06-1219.wav
1271,Happy,Happy-04-1947.wav
1272,Sad,Sad-06-1547.wav
1273,Sad,Sad-06-1221.wav
1274,Sad,Sad-06-1359.wav
1275,Happy,Happy-04-1891.wav
1276,Sad,Sad-06-775.wav
1277,Sad,Sad-06-1637.wav
1278,Happy,Sad-06-2016.wav
1279,Happy,Fearful-03-1054.wav
1280,Angry,Angry-01-1931.wav
1281,Happy,Sad-06-365.wav
1282,Happy,Happy-04-2011.wav
1283,Happy,Happy-04-2046.wav
1284,Happy,Happy-04-167.wav
1285,Angry,Angry-01-1791.wav
1286,Angry,Angry-01-1494.wav
1287,Sad,Happy-04-468.wav
1288,Sad,Angry-01-1531.wav
1289,Sad,Sad-06-2162.wav
1290,Happy,Fearful-03-190.wav
1291,Angry,Angry-01-1810.wav
1292,Happy,Happy-04-2086.wav
1293,Happy,Happy-04-1904.wav
1294,Angry,Angry-01-1722.wav
1295,Sad,Fearful-03-1469.wav
1296,Sad,Sad-06-475.wav
1297,Happy,Happy-04-547.wav
1298,Sad,Happy-04-537.wav
1299,Happy,Happy-04-1476.wav
1300,Angry,Angry-01-2001.wav
1301,Happy,Happy-04-1839.wav
1302,Sad,Sad-06-1524.wav
1303,Sad,Fearful-03-1488.wav
1304,Sad,Fearful-03-1447.wav
1305,Angry,Angry-01-1631.wav
1306,Happy,Happy-04-908.wav
1307,Fearful,Fearful-03-1458.wav
1308,Sad,Sad-06-1534.wav
1309,Sad,Sad-06-1270.wav
1310,Happy,Sad-06-480.wav
1311,Happy,Angry-01-107.wav
1312,Sad,Sad-06-1644.wav
1313,Happy,Happy-04-1740.wav
1314,Sad,Happy-04-798.wav
1315,Happy,Happy-04-431.wav
1316,Sad,Sad-06-1559.wav
1317,Sad,Sad-06-837.wav
1318,Sad,Happy-04-1270.wav
1319,Happy,Angry-01-115.wav
1320,Fearful,Fearful-03-1891.wav
1321,Happy,Happy-04-796.wav
1322,Sad,Sad-06-1168.wav
1323,Sad,Sad-06-1884.wav
1324,Happy,Fearful-03-1372.wav
1325,Sad,Sad-06-348.wav
1326,Happy,Happy-04-213.wav
1327,Sad,Sad-06-1268.wav
1328,Angry,Angry-01-1290.wav
1329,Angry,Angry-01-127.wav
1330,Sad,Sad-06-747.wav
1331,Sad,Happy-04-1089.wav
1332,Sad,Happy-04-521.wav
1333,Sad,Happy-04-120.wav
1334,Angry,Fearful-03-1114.wav
1335,Sad,Sad-06-264.wav
1336,Happy,Happy-04-754.wav
1337,Sad,Sad-06-809.wav
1338,Happy,Happy-04-391.wav
1339,Happy,Happy-04-2120.wav
1340,Fearful,Fearful-03-1939.wav
1341,Happy,Happy-04-1221.wav
1342,Happy,Happy-04-1695.wav
1343,Sad,Sad-06-541.wav
1344,Sad,Sad-06-462.wav
1345,Angry,Angry-01-1613.wav
1346,Happy,Happy-04-560.wav
1347,Sad,Sad-06-1177.wav
1348,Happy,Happy-04-2066.wav
1349,Sad,Sad-06-887.wav
1350,Sad,Happy-04-440.wav
1351,Happy,Happy-04-1070.wav
1352,Happy,Happy-04-639.wav
1353,Fearful,Fearful-03-1297.wav
1354,Fearful,Fearful-03-1738.wav
1355,Sad,Sad-06-1714.wav
1356,Fearful,Fearful-03-1380.wav
1357,Sad,Fearful-03-1221.wav
1358,Sad,Fearful-03-1252.wav
1359,Sad,Sad-06-616.wav
1360,Sad,Sad-06-550.wav
1361,Sad,Fearful-03-16.wav
1362,Sad,Sad-06-1771.wav
1363,Happy,Happy-04-1059.wav
1364,Happy,Happy-04-1216.wav
1365,Happy,Happy-04-126.wav
1366,Sad,Sad-06-1614.wav
1367,Happy,Happy-04-1699.wav
1368,Sad,Fearful-03-1120.wav
1369,Happy,Happy-04-553.wav
1370,Sad,Sad-06-1423.wav
1371,Sad,Sad-06-163.wav
1372,Sad,Fearful-03-1638.wav
1373,Happy,Happy-04-2036.wav
1374,Fearful,Fearful-03-1192.wav
1375,Happy,Happy-04-1972.wav
1376,Angry,Happy-04-836.wav
1377,Happy,Happy-04-1035.wav
1378,Happy,Happy-04-259.wav
1379,Sad,Happy-04-1528.wav
1380,Sad,Sad-06-1533.wav
1381,Fearful,Fearful-03-1827.wav
1382,Sad,Sad-06-1408.wav
1383,Angry,Angry-01-1395.wav
1384,Sad,Sad-06-7.wav
1385,Happy,Happy-04-1141.wav
1386,Happy,Happy-04-2030.wav
1387,Fearful,Angry-01-1125.wav
1388,Sad,Sad-06-375.wav
1389,Sad,Sad-06-742.wav
1390,Sad,Happy-04-1453.wav
1391,Sad,Happy-04-1306.wav
1392,Sad,Fearful-03-12.wav
1393,Angry,Angry-01-1673.wav
1394,Sad,Sad-06-1623.wav
1395,Sad,Sad-06-2122.wav
1396,Angry,Angry-01-152.wav
1397,Happy,Happy-04-387.wav
1398,Happy,Happy-04-99.wav
1399,Angry,Happy-04-1371.wav
1400,Happy,Fearful-03-189.wav
1401,Fearful,Happy-04-1475.wav
1402,Sad,Sad-06-1814.wav
1403,Sad,Sad-06-217.wav
1404,Sad,Sad-06-482.wav
1405,Happy,Happy-04-1715.wav
1406,Angry,Angry-01-119.wav
1407,Sad,Sad-06-696.wav
1408,Sad,Sad-06-2036.wav
1409,Happy,Angry-01-1482.wav
1410,Sad,Sad-06-573.wav
1411,Sad,Sad-06-849.wav
1412,Happy,Happy-04-924.wav
1413,Sad,Sad-06-2000.wav
1414,Fearful,Fearful-03-1455.wav
1415,Sad,Happy-04-804.wav
1416,Sad,Fearful-03-1503.wav
1417,Happy,Happy-04-674.wav
1418,Happy,Happy-04-1008.wav
1419,Angry,Angry-01-1455.wav
1420,Happy,Happy-04-1971.wav
1421,Sad,Sad-06-1485.wav
1422,Happy,Happy-04-1678.wav
1423,Sad,Happy-04-1595.wav
1424,Happy,Happy-04-1292.wav
1425,Happy,Fearful-03-154.wav
1426,Happy,Happy-04-510.wav
1427,Happy,Happy-04-1027.wav
1428,Angry,Happy-04-901.wav
1429,Angry,Angry-01-1964.wav
1430,Sad,Sad-06-530.wav
1431,Sad,Sad-06-782.wav
1432,Sad,Sad-06-1740.wav
1433,Sad,Sad-06-1274.wav
1434,Sad,Fearful-03-1485.wav
1435,Fearful,Angry-01-100.wav
1436,Happy,Happy-04-651.wav
1437,Happy,Angry-01-1031.wav
1438,Happy,Happy-04-195.wav
1439,Sad,Happy-04-1557.wav
1440,Sad,Sad-06-2152.wav
1441,Sad,Sad-06-2043.wav
1442,Sad,Sad-06-1165.wav
1443,Angry,Angry-01-1667.wav
1444,Sad,Sad-06-865.wav
1445,Angry,Angry-01-1999.wav
1446,Happy,Happy-04-851.wav
1447,Sad,Sad-06-509.wav
1448,Sad,Sad-06-469.wav
1449,Sad,Sad-06-909.wav
1450,Sad,Fearful-03-1248.wav
1451,Sad,Sad-06-1658.wav
1452,Sad,Happy-04-1596.wav
1453,Sad,Sad-06-152.wav
1454,Happy,Sad-06-1914.wav
1455,Happy,Happy-04-330.wav
1456,Sad,Sad-06-812.wav
1457,Sad,Sad-06-2007.wav
1458,Angry,Angry-01-1844.wav
1459,Happy,Happy-04-1048.wav
1460,Sad,Sad-06-572.wav
1461,Sad,Sad-06-1910.wav
1462,Sad,Fearful-03-1356.wav
1463,Happy,Happy-04-855.wav
1464,Happy,Happy-04-1779.wav
1465,Sad,Sad-06-1410.wav
1466,Happy,Happy-04-820.wav
1467,Sad,Sad-06-241.wav
1468,Happy,Happy-04-1873.wav
1469,Happy,Happy-04-332.wav
1470,Happy,Sad-06-1415.wav
1471,Happy,Happy-04-751.wav
1472,Angry,Angry-01-1685.wav
1473,Angry,Angry-01-139.wav
1474,Happy,Sad-06-113.wav
1475,Sad,Sad-06-1040.wav
1476,Sad,Sad-06-984.wav
1477,Sad,Angry-01-1596.wav
1478,Happy,Fearful-03-164.wav
1479,Happy,Happy-04-2130.wav
1480,Fearful,Fearful-03-1940.wav
1481,Sad,Fearful-03-1290.wav
1482,Happy,Sad-06-1530.wav
1483,Sad,Happy-04-1157.wav
1484,Sad,Happy-04-1115.wav
1485,Happy,Happy-04-1354.wav
1486,Sad,Sad-06-1170.wav
1487,Angry,Angry-01-1756.wav
1488,Sad,Sad-06-366.wav
1489,Sad,Sad-06-1373.wav
1490,Angry,Happy-04-780.wav
1491,Angry,Angry-01-1682.wav
1492,Happy,Sad-06-498.wav
1493,Happy,Angry-01-1275.wav
1494,Angry,Angry-01-1065.wav
1495,Happy,Happy-04-272.wav
1496,Happy,Happy-04-1073.wav
1497,Happy,Happy-04-1429.wav
1498,Happy,Happy-04-1988.wav
1499,Sad,Sad-06-1226.wav
1500,Happy,Angry-01-1308.wav
1501,Happy,Happy-04-338.wav
1502,Sad,Sad-06-1106.wav
1503,Sad,Sad-06-1833.wav
1504,Angry,Angry-01-1594.wav
1505,Happy,Happy-04-1676.wav
1506,Sad,Sad-06-150.wav
1507,Sad,Happy-04-628.wav
1508,Happy,Happy-04-834.wav
1509,Angry,Angry-01-1690.wav
1510,Angry,Angry-01-1109.wav
1511,Sad,Sad-06-1453.wav
1512,Happy,Happy-04-1690.wav
1513,Angry,Happy-04-543.wav
1514,Fearful,Fearful-03-1788.wav
1515,Sad,Fearful-03-1525.wav
1516,Angry,Fearful-03-1445.wav
1517,Fearful,Fearful-03-1957.wav
1518,Sad,Sad-06-1535.wav
1519,Happy,Sad-06-728.wav
1520,Sad,Sad-06-2074.wav
1521,Fearful,Fearful-03-1927.wav
1522,Sad,Sad-06-2075.wav
1523,Sad,Sad-06-1202.wav
1524,Happy,Happy-04-513.wav
1525,Sad,Sad-06-309.wav
1526,Sad,Sad-06-1694.wav
1527,Sad,Sad-06-1616.wav
1528,Sad,Fearful-03-1220.wav
1529,Sad,Sad-06-1900.wav
1530,Sad,Sad-06-1805.wav
1531,Angry,Angry-01-1754.wav
1532,Sad,Sad-06-929.wav
1533,Sad,Sad-06-2113.wav
1534,Sad,Fearful-03-1543.wav
1535,Happy,Happy-04-1850.wav
1536,Fearful,Fearful-03-1776.wav
1537,Sad,Sad-06-567.wav
1538,Happy,Happy-04-1788.wav
1539,Sad,Sad-06-732.wav
1540,Fearful,Fearful-03-1696.wav
1541,Sad,Sad-06-1341.wav
1542,Sad,Sad-06-281.wav
1543,Sad,Sad-06-2067.wav
1544,Angry,Angry-01-1269.wav
1545,Happy,Happy-04-1685.wav
1546,Happy,Happy-04-2144.wav
1547,Angry,Happy-04-1397.wav
1548,Sad,Sad-06-76.wav
1549,Sad,Happy-04-1159.wav
1550,Happy,Sad-06-1345.wav
1551,Sad,Sad-06-1567.wav
1552,Angry,Angry-01-1498.wav
1553,Fearful,Fearful-03-1704.wav
1554,Sad,Sad-06-1275.wav
1555,Fearful,Fearful-03-171.wav
1556,Happy,Happy-04-315.wav
1557,Happy,Fearful-03-106.wav
1558,Happy,Happy-04-316.wav
1559,Sad,Fearful-03-193.wav
1560,Sad,Sad-06-1519.wav
1561,Sad,Sad-06-1234.wav
1562,Fearful,Fearful-03-1016.wav
1563,Sad,Sad-06-1619.wav
1564,Sad,Sad-06-637.wav
1565,Happy,Happy-04-370.wav
1566,Happy,Sad-06-394.wav
1567,Sad,Fearful-03-1536.wav
1568,Happy,Fearful-03-131.wav
1569,Fearful,Angry-01-1002.wav
1570,Happy,Angry-01-1526.wav
1571,Sad,Fearful-03-1103.wav
1572,Sad,Happy-04-1356.wav
1573,Sad,Happy-04-658.wav
1574,Sad,Happy-04-89.wav
1575,Sad,Fearful-03-1573.wav
1576,Sad,Sad-06-329.wav
1577,Happy,Happy-04-1063.wav
1578,Happy,Fearful-03-130.wav
1579,Sad,Sad-06-1885.wav
1580,Happy,Sad-06-441.wav
1581,Sad,Happy-04-615.wav
1582,Happy,Happy-04-451.wav
1583,Happy,Happy-04-27.wav
1584,Happy,Fearful-03-156.wav
1585,Happy,Happy-04-1757.wav
1586,Fearful,Fearful-03-1699.wav
1587,Happy,Happy-04-1993.wav
1588,Sad,Sad-06-1583.wav
1589,Sad,Happy-04-228.wav
1590,Sad,Fearful-03-1556.wav
1591,Happy,Happy-04-1374.wav
1592,Happy,Happy-04-1590.wav
1593,Fearful,Fearful-03-1661.wav
1594,Sad,Sad-06-321.wav
1595,Sad,Happy-04-186.wav
1596,Angry,Angry-01-1972.wav
1597,Happy,Happy-04-1940.wav
1598,Sad,Fearful-03-1545.wav
1599,Angry,Angry-01-1467.wav
1600,Sad,Sad-06-1332.wav
1601,Fearful,Fearful-03-1781.wav
1602,Sad,Angry-01-1506.wav
1603,Happy,Happy-04-1013.wav
1604,Fearful,Fearful-03-1654.wav
1605,Sad,Sad-06-755.wav
1606,Happy,Happy-04-229.wav
1607,Happy,Angry-01-134.wav
1608,Sad,Sad-06-124.wav
1609,Sad,Sad-06-851.wav
1610,Happy,Happy-04-546.wav
1611,Sad,Sad-06-1578.wav
1612,Fearful,Sad-06-536.wav
1613,Sad,Sad-06-942.wav
1614,Angry,Angry-01-1519.wav
1615,Angry,Angry-01-1010.wav
1616,Sad,Sad-06-2080.wav
1617,Sad,Sad-06-1370.wav
1618,Fearful,Fearful-03-1848.wav
1619,Fearful,Fearful-03-1951.wav
1620,Happy,Happy-04-556.wav
1621,Sad,Sad-06-2076.wav
1622,Fearful,Fearful-03-1922.wav
1623,Sad,Sad-06-271.wav
1624,Happy,Angry-01-1137.wav
1625,Sad,Sad-06-1120.wav
1626,Sad,Sad-06-891.wav
1627,Happy,Happy-04-450.wav
1628,Sad,Sad-06-1615.wav
1629,Sad,Fearful-03-1549.wav
1630,Fearful,Fearful-03-1747.wav
1631,Angry,Angry-01-1208.wav
1632,Happy,Happy-04-1717.wav
